model,accuracy,precision_macro,recall_macro,f1_macro
densenet121,0.9228611500701263,0.9265085665860361,0.9307617842128195,0.927603436593444
