model,accuracy,precision_macro,recall_macro,f1_macro
mobilenetv2,0.9256661991584852,0.9293767470761762,0.930909005638401,0.929672590783085
