model,accuracy,precision_macro,recall_macro,f1_macro
inception_v3,0.9172510518934082,0.9247611093601201,0.9205746016436829,0.9224007404867294
